Date,Consumption time (hours),Average consumption time (hours),Comments,Followers,,All-time engagement (08/15/25 to 09/29/26)
8/15/2025,0.4,0.057142857,3,8,,
8/16/2025,0.4,0.057142857,2,11,,
8/17/2025,0.28,0.14,1,12,,
8/18/2025,0.2,0.2,0,12,,
8/19/2025,0.7,0.7,3,12,,
8/20/2025,0.14,0.14,0,12,,
8/21/2025,0,0,0,12,,
8/22/2025,0.71,0.142,0,13,,
8/23/2025,0.16,0.053333333,0,13,,
8/24/2025,0.16,0.16,0,13,,
8/25/2025,0.16,0.16,0,13,,
8/26/2025,0,0,0,14,,
8/27/2025,0,0,0,14,,
8/28/2025,0.1,0.05,0,14,,
8/29/2025,0.6,0.3,0,14,,
8/30/2025,0,0,0,14,,
8/31/2025,0,0,0,14,,
9/1/2025,0,0,0,14,,
9/2/2025,0.03,0.03,0,16,,
9/3/2025,0.11,0.055,0,17,,
9/4/2025,0.22,0.22,0,18,,
9/5/2025,0.51,0.17,1,19,,
9/6/2025,0.58,0.193333333,2,19,,
9/7/2025,0.15,0.075,0,19,,
9/8/2025,0.27,0.135,0,19,,
9/9/2025,0.14,0.14,0,19,,
9/10/2025,0,0,0,19,,
9/11/2025,0.07,0.07,0,19,,
9/12/2025,0.36,0.18,1,19,,
9/13/2025,0.26,0.13,0,20,,
9/14/2025,0.34,0.113333333,1,21,,
9/15/2025,0.73,0.243333333,0,22,,
9/16/2025,0.39,0.195,0,23,,
9/17/2025,0.94,0.235,1,24,,
9/18/2025,0.18,0.06,0,24,,
9/19/2025,2.03,0.338333333,0,25,,
9/20/2025,0.35,0.0875,0,25,,
9/21/2025,0,0,0,25,,
9/22/2025,0,0,0,25,,
9/23/2025,0.07,0.07,0,25,,
9/24/2025,0,0,0,25,,
9/25/2025,0.08,0.04,0,25,,
9/26/2025,0,0,0,25,,
9/27/2025,0.36,0.12,0,25,,
9/28/2025,0.18,0.09,0,25,,
9/29/2025,0.26,0.26,0,26,,
9/30/2025,0,0,0,27,,
10/1/2025,0.39,0.195,0,28,,
10/2/2025,2.58,0.86,0,28,,
10/3/2025,0.63,0.1575,0,29,,
10/4/2025,0,0,0,29,,
10/5/2025,0.04,0.04,0,29,,
10/6/2025,0,0,0,29,,
10/7/2025,0,0,0,29,,
10/8/2025,0.16,0.16,1,29,,
10/9/2025,0.43,0.215,1,29,,
10/10/2025,0.79,0.1975,0,29,,
10/11/2025,0.47,0.156666667,0,29,,
10/12/2025,0.99,0.495,2,29,,
10/13/2025,0,0,0,29,,
10/14/2025,0,0,0,29,,
10/15/2025,0,0,0,29,,
10/16/2025,0,0,0,29,,
10/17/2025,2.11,0.5275,0,30,,
10/18/2025,0,0,0,30,,
10/19/2025,0.43,0.215,0,30,,
10/20/2025,0,0,0,30,,
10/21/2025,0.68,0.68,0,30,,
10/22/2025,0.93,0.31,0,32,,
10/23/2025,0.58,0.58,1,32,,
10/24/2025,0.69,0.23,3,32,,
10/25/2025,0.32,0.08,0,32,,
10/26/2025,0.02,0.01,0,32,,
10/27/2025,2.18,0.726666667,0,33,,
10/28/2025,0.21,0.105,0,33,,
10/29/2025,0.49,0.163333333,0,33,,
10/30/2025,0,0,0,33,,
10/31/2025,0.57,0.19,0,33,,
11/1/2025,0.88,0.22,1,33,,
11/2/2025,1.03,1.03,0,33,,
11/3/2025,0.62,0.124,0,33,,
11/4/2025,0.36,0.36,1,33,,
11/5/2025,0.11,0.11,0,33,,
11/6/2025,0,0,0,33,,
11/7/2025,0.23,0.23,0,33,,
11/8/2025,0.25,0.125,0,33,,
11/9/2025,0,0,0,33,,
11/10/2025,0,0,0,33,,
11/11/2025,0.02,0.02,0,33,,
11/12/2025,0,0,0,33,,
11/13/2025,0.27,0.135,0,33,,
11/14/2025,1.49,0.496666667,2,33,,
11/15/2025,0,0,0,33,,
11/16/2025,0,0,0,33,,
11/17/2025,0.05,0.05,0,33,,
11/18/2025,0.75,0.75,0,33,,
11/19/2025,0,0,0,33,,
11/20/2025,0,0,0,33,,
11/21/2025,0.06,0.03,0,33,,
11/22/2025,1.02,0.34,0,33,,
11/23/2025,0.27,0.054,0,33,,
11/24/2025,0,0,0,33,,
11/25/2025,0.05,0.05,0,33,,
11/26/2025,0,0,0,33,,
11/27/2025,0,0,0,33,,
11/28/2025,0.53,0.265,0,33,,
11/29/2025,0.22,0.055,0,34,,
11/30/2025,0.17,0.17,0,34,,
12/1/2025,0,0,0,34,,
12/2/2025,0,0,0,34,,
12/3/2025,0,0,0,34,,
12/4/2025,0.1,0.05,0,36,,
12/5/2025,1.74,0.58,0,36,,
12/6/2025,0.32,0.32,0,36,,
12/7/2025,0,0,0,36,,
12/8/2025,0,0,0,36,,
12/9/2025,0,0,0,36,,
12/10/2025,0,0,0,36,,
12/11/2025,0,0,0,36,,
12/12/2025,0,0,0,37,,
12/13/2025,0.43,0.215,0,37,,
12/14/2025,0.22,0.22,0,37,,
12/15/2025,0,0,0,37,,
12/16/2025,0.32,0.32,0,37,,
12/17/2025,0.62,0.206666667,0,37,,
12/18/2025,0,0,0,37,,
12/19/2025,0.37,0.37,0,37,,
12/20/2025,0,0,0,37,,
12/21/2025,0.18,0.18,1,37,,
12/22/2025,0,0,1,37,,
12/23/2025,0,0,0,37,,
12/24/2025,0,0,0,37,,
12/25/2025,0,0,0,37,,
12/26/2025,2.17,2.17,0,37,,
12/27/2025,1.22,0.406666667,0,37,,
12/28/2025,0.36,0.072,1,38,,
12/29/2025,0.08,0.08,0,38,,
12/30/2025,0,0,0,38,,
12/31/2025,0.02,0.01,0,38,,
1/1/2026,0.99,0.495,0,38,,
1/2/2026,0.85,0.17,1,38,,
1/3/2026,0.22,0.11,1,39,,
1/4/2026,0,0,0,39,,
1/5/2026,0,0,1,38,,
1/6/2026,0,0,0,38,,
1/7/2026,0,0,0,38,,
1/8/2026,0.14,0.07,0,38,,
1/9/2026,0,0,0,38,,
1/10/2026,0.14,0.14,0,38,,
1/11/2026,0,0,0,38,,
1/12/2026,0.24,0.24,0,38,,
1/13/2026,0.71,0.355,0,39,,
1/14/2026,1.6,0.533333333,0,39,,
1/15/2026,0.19,0.095,0,39,,
1/16/2026,0.34,0.17,0,41,,
1/17/2026,0.15,0.075,1,41,,
1/18/2026,0.19,0.19,0,41,,
1/19/2026,0,0,0,41,,
1/20/2026,0,0,1,41,,
1/21/2026,0.22,0.22,0,40,,
1/22/2026,0,0,0,40,,
1/23/2026,0.52,0.173333333,0,40,,
1/24/2026,0.14,0.046666667,0,41,,
1/25/2026,0.06,0.06,0,41,,
1/26/2026,0,0,0,41,,
1/27/2026,0,0,0,41,,
1/28/2026,0,0,0,41,,
1/29/2026,0,0,0,42,,
1/30/2026,1.07,1.07,0,42,,
1/31/2026,0.19,0.19,0,42,,
2/1/2026,0,0,0,42,,
2/2/2026,0.38,0.126666667,0,42,,
2/3/2026,0,0,0,42,,
2/4/2026,0.22,0.22,1,42,,
2/5/2026,0.19,0.19,1,43,,
2/6/2026,0.37,0.185,0,43,,
2/7/2026,0.69,0.23,0,44,,
2/8/2026,0.38,0.126666667,0,44,,
2/9/2026,0.93,0.31,0,44,,
2/10/2026,0,0,0,45,,
2/11/2026,0,0,0,45,,
2/12/2026,0.23,0.115,0,45,,
2/13/2026,0.44,0.22,0,46,,
2/14/2026,0.08,0.08,0,47,,
2/15/2026,0.22,0.22,0,47,,
2/16/2026,0,0,0,47,,
2/17/2026,0,0,0,47,,
2/18/2026,0,0,0,48,,
2/19/2026,0,0,0,48,,
2/20/2026,0.11,0.11,0,49,,
2/21/2026,0.41,0.205,1,49,,
2/22/2026,0,0,0,49,,
2/23/2026,0.31,0.155,1,49,,
2/24/2026,0,0,0,49,,
2/25/2026,0,0,0,49,,
2/26/2026,0,0,0,49,,
2/27/2026,0.17,0.17,0,49,,
2/28/2026,0,0,0,49,,
3/1/2026,0,0,0,49,,
3/2/2026,0,0,0,49,,
3/3/2026,0,0,0,49,,
3/4/2026,0.29,0.29,0,49,,
3/5/2026,0.17,0.17,0,49,,
3/6/2026,0.18,0.09,0,49,,
3/7/2026,0.06,0.06,0,49,,
3/8/2026,0.2,0.1,0,49,,
3/9/2026,0.17,0.17,0,49,,
3/10/2026,0,0,0,49,,
3/11/2026,0,0,0,49,,
3/12/2026,0,0,0,49,,
3/13/2026,0.14,0.07,0,49,,
3/14/2026,0.52,0.26,0,49,,
3/15/2026,0,0,0,49,,
3/16/2026,0.03,0.03,0,49,,
3/17/2026,0,0,0,49,,
3/18/2026,0,0,0,49,,
3/19/2026,0,0,0,49,,
3/20/2026,0,0,0,49,,
3/21/2026,1.85,0.4625,0,49,,
3/22/2026,1.13,0.565,0,49,,
3/23/2026,0,0,0,49,,
3/24/2026,0,0,0,49,,
3/25/2026,0,0,0,49,,
3/26/2026,0,0,0,49,,
3/27/2026,1.52,0.506666667,0,50,,
3/28/2026,0,0,0,50,,
3/29/2026,0,0,0,50,,
3/30/2026,0.17,0.17,0,50,,
3/31/2026,0,0,0,50,,
4/1/2026,0,0,0,50,,
4/2/2026,0.35,0.0875,0,50,,
4/3/2026,0,0,0,50,,
4/4/2026,0,0,0,50,,
4/5/2026,0.32,0.16,0,50,,
4/6/2026,0,0,0,50,,
4/7/2026,0,0,0,50,,
4/8/2026,0.03,0.03,0,50,,
4/9/2026,0,0,0,50,,
4/10/2026,4.8,0.8,0,50,,
4/11/2026,0.72,0.24,0,50,,
4/12/2026,1.8,1.8,0,50,,
4/13/2026,2.38,1.19,0,50,,
4/14/2026,0.81,0.405,0,50,,
4/15/2026,0,0,0,50,,
4/16/2026,0.05,0.05,0,50,,
4/17/2026,0.15,0.15,0,50,,
4/18/2026,0.34,0.17,0,50,,
4/19/2026,1.33,1.33,0,50,,
4/20/2026,0.37,0.37,0,50,,
4/21/2026,1.15,1.15,0,50,,
4/22/2026,1.19,0.595,0,50,,
4/23/2026,0.66,0.66,0,50,,
4/24/2026,1.16,0.58,0,50,,
4/25/2026,0.58,0.193333333,0,51,,
4/26/2026,0.89,0.178,1,51,,
4/27/2026,0,0,0,51,,
4/28/2026,0,0,0,51,,
4/29/2026,0,0,1,51,,
4/30/2026,0,0,0,51,,
5/1/2026,0,0,0,51,,
5/2/2026,0,0,0,51,,
5/3/2026,0.2,0.2,0,51,,
5/4/2026,0.05,0.05,0,52,,
5/5/2026,0.77,0.77,0,52,,
5/6/2026,0.58,0.58,0,52,,
5/7/2026,0.58,0.29,0,52,,
5/8/2026,1.47,0.3675,0,52,,
5/9/2026,0.28,0.28,0,52,,
5/10/2026,0.21,0.105,0,52,,
5/11/2026,0.04,0.04,0,52,,
5/12/2026,0.31,0.155,0,52,,
5/13/2026,0,0,0,52,,
5/14/2026,0,0,0,52,,
5/15/2026,0.18,0.18,0,52,,
5/16/2026,0.14,0.14,0,52,,
5/17/2026,0,0,0,52,,
5/18/2026,0.14,0.07,0,52,,
5/19/2026,0,0,0,52,,
5/20/2026,0,0,0,52,,
5/21/2026,0,0,0,52,,
5/22/2026,0.14,0.14,0,52,,
5/23/2026,0,0,0,52,,
5/24/2026,0,0,0,52,,
5/25/2026,0,0,0,52,,
5/26/2026,0,0,0,52,,
5/27/2026,0.47,0.47,0,53,,
5/28/2026,0.41,0.205,0,53,,
5/29/2026,0,0,0,53,,
5/30/2026,0.64,0.64,0,53,,
5/31/2026,0.39,0.39,0,53,,
6/1/2026,0,0,0,53,,
6/2/2026,0,0,0,53,,
6/3/2026,0.14,0.14,0,53,,
6/4/2026,0,0,0,53,,
6/5/2026,0.31,0.31,0,53,,
6/6/2026,0.16,0.16,0,53,,
6/7/2026,0.02,0.02,0,54,,
6/8/2026,0.92,0.92,0,54,,
6/9/2026,0,0,0,54,,
6/10/2026,0.46,0.46,0,54,,
6/11/2026,0.08,0.08,0,54,,
6/12/2026,0.08,0.08,0,54,,
6/13/2026,0.11,0.11,0,54,,
6/14/2026,0.25,0.125,0,54,,
6/15/2026,1.05,0.35,0,55,,
6/16/2026,0,0,0,55,,
6/17/2026,0,0,0,55,,
6/18/2026,0,0,0,55,,
6/19/2026,0.36,0.36,0,55,,
6/20/2026,0.43,0.43,0,55,,
6/21/2026,0.14,0.14,0,55,,
6/22/2026,0,0,0,56,,
6/23/2026,0.34,0.34,0,56,,
6/24/2026,0.17,0.17,0,56,,
6/25/2026,0.15,0.15,0,56,,
6/26/2026,0.02,0.02,0,57,,
6/27/2026,2.91,1.455,0,57,,
6/28/2026,0.24,0.24,0,57,,
6/29/2026,0,0,0,57,,
6/30/2026,0,0,0,57,,
7/1/2026,0,0,0,57,,
7/2/2026,0,0,0,57,,
7/3/2026,0,0,0,57,,
7/4/2026,2.25,1.125,0,58,,
7/5/2026,0,0,0,58,,
7/6/2026,0.33,0.165,0,59,,
7/7/2026,0.01,0.01,0,59,,
7/8/2026,0,0,0,59,,
7/9/2026,0.37,0.37,0,59,,
7/10/2026,0.38,0.19,0,59,,
7/11/2026,0.19,0.19,0,59,,
7/12/2026,0,0,0,59,,
7/13/2026,0,0,0,59,,
7/14/2026,0,0,0,60,,
7/15/2026,0,0,0,60,,
7/16/2026,0,0,0,60,,
7/17/2026,0,0,0,60,,
7/18/2026,0,0,0,60,,
7/19/2026,0,0,0,60,,
7/20/2026,0.15,0.15,0,60,,
7/21/2026,0,0,0,60,,
7/22/2026,0.01,0.01,0,60,,
7/23/2026,0.37,0.185,0,60,,
7/24/2026,1.93,0.321666667,0,60,,
7/25/2026,0,0,0,60,,
7/26/2026,1.1,0.55,0,61,,
7/27/2026,0.38,0.38,0,61,,
7/28/2026,0.74,0.246666667,0,62,,
7/29/2026,0.02,0.02,0,62,,
7/30/2026,0,0,0,62,,
7/31/2026,4.71,1.1775,0,62,,
8/1/2026,0.14,0.14,0,62,,
8/2/2026,0,0,0,62,,
8/3/2026,0,0,0,62,,
8/4/2026,0,0,0,62,,
8/5/2026,0.59,0.295,0,62,,
8/6/2026,0.64,0.32,0,62,,
8/7/2026,0.21,0.21,1,62,,
8/8/2026,0.17,0.17,0,62,,
8/9/2026,0,0,0,62,,
8/10/2026,0,0,0,62,,
8/11/2026,0,0,0,62,,
8/12/2026,0.11,0.055,0,62,,
8/13/2026,0,0,0,62,,
8/14/2026,0.1,0.1,0,62,,
8/15/2026,0.24,0.12,1,62,,
8/16/2026,0,0,0,62,,
8/17/2026,0,0,0,62,,
8/18/2026,0.31,0.155,0,63,,
8/19/2026,0,0,0,63,,
8/20/2026,0,0,0,63,,
8/21/2026,0.93,0.93,1,65,,
8/22/2026,0.01,0.01,0,65,,
8/23/2026,0,0,0,65,,
8/24/2026,0,0,0,65,,
8/25/2026,0,0,0,65,,
8/26/2026,0,0,0,65,,
8/27/2026,0,0,0,65,,
8/28/2026,0.45,0.225,0,64,,
8/29/2026,0.03,0.03,0,64,,
8/30/2026,0,0,0,64,,
8/31/2026,0,0,0,64,,
9/1/2026,0,0,0,64,,
9/2/2026,0,0,0,64,,
9/3/2026,0,0,0,64,,
9/4/2026,0,0,0,64,,
9/5/2026,0,0,0,64,,
9/6/2026,0,0,0,64,,
9/7/2026,0,0,0,64,,
9/8/2026,0,0,0,64,,
9/9/2026,0,0,0,64,,
9/10/2026,0.05,0.05,0,64,,
9/11/2026,0.34,0.17,0,64,,
9/12/2026,0.17,0.17,0,64,,
9/13/2026,0,0,0,64,,
9/14/2026,0.18,0.18,0,64,,
9/15/2026,0.17,0.17,0,64,,
9/16/2026,1.73,0.865,0,64,,
9/17/2026,0,0,0,64,,
9/18/2026,0.09,0.09,0,64,,
9/19/2026,0.18,0.18,0,64,,
9/20/2026,0,0,0,64,,
9/21/2026,0,0,0,64,,
9/22/2026,0.18,0.18,0,64,,
9/23/2026,0,0,0,64,,
9/24/2026,0,0,0,64,,
9/25/2026,0.19,0.19,0,64,,
9/26/2026,0,0,0,64,,
9/27/2026,0.51,0.255,0,64,,
9/28/2026,0,0,0,64,,
9/29/2026,0,0,,,,
